City_ID,City,Lat,Lng,Max Temp,Humidity,Cloudiness,Wind Speed,Country,Date
0,ribeira grande,38.5167,-28.7,12.65,68,58,1.79,PT,1680493777
1,port alfred,-33.5906,26.891,18.43,88,100,0.89,ZA,1680493778
2,ushuaia,-54.8,-68.3,11.81,43,20,3.6,AR,1680493778
3,san pedro,14.35,121.0167,33.51,58,20,1.54,PH,1680493778
4,hasaki,35.7333,140.8333,14.22,53,21,9.31,JP,1680493484
5,georgetown,5.4112,100.3354,26.96,94,20,3.6,MY,1680493499
6,semirara,12.0697,121.3986,27.23,78,86,7.47,PH,1680493778
7,carnarvon,-24.8667,113.6333,25.28,71,97,4.05,AU,1680493778
8,salinopolis,-0.6136,-47.3561,25.17,83,96,3.76,BR,1680493778
9,simplicio mendes,-7.8539,-41.9103,21.6,77,99,0.81,BR,1680493778
10,sulangan,11.1373,123.7228,27.21,71,76,3.73,PH,1680493778
11,rikitea,-23.1203,-134.9692,26.65,81,78,6.38,PF,1680493779
12,adrar,20.5022,-10.0711,22.48,6,0,3.14,MR,1680493779
13,port hardy,50.6996,-127.4199,6.0,75,75,3.09,CA,1680493779
14,dingle,10.9995,122.6711,32.13,48,46,4.66,PH,1680493779
15,lusambo,-4.9667,23.45,20.24,98,99,0.58,CD,1680493779
16,castro,-24.7911,-50.0119,13.13,99,18,2.99,BR,1680493780
17,asosa,10.0667,34.5333,19.23,17,19,2.88,ET,1680493780
18,barrow,71.2906,-156.7887,-14.99,78,100,5.66,US,1680493780
19,saint-philippe,-21.3585,55.7679,24.77,72,55,1.98,RE,1680493780
20,atuona,-9.8,-139.0333,27.28,78,87,6.36,PF,1680493780
21,bathsheba,13.2167,-59.5167,26.34,73,20,8.75,BB,1680493780
22,la palma,33.8464,-118.0467,15.5,81,0,1.34,US,1680493491
23,punta arenas,-53.15,-70.9167,9.06,66,75,5.14,CL,1680493781
24,hobart,-42.8794,147.3294,20.59,53,75,3.09,AU,1680493686
25,tautira,-17.7333,-149.15,27.49,74,100,3.0,PF,1680493781
26,monrovia,6.3005,-10.7969,25.98,87,5,2.34,LR,1680493529
27,gorontalo,0.5412,123.0595,31.69,57,100,1.66,ID,1680493781
28,iqaluit,63.7506,-68.5145,-14.15,61,75,5.14,CA,1680493781
29,mar del plata,-38.0023,-57.5575,17.83,70,0,2.57,AR,1680493781
30,raymond,43.9015,-70.4703,-0.55,50,38,1.14,US,1680493781
31,san cristobal,7.7669,-72.225,20.1,91,61,1.1,VE,1680493782
32,pevek,69.7008,170.3133,-24.67,90,95,1.04,RU,1680493782
33,baruun-urt,46.6806,113.2792,-4.83,32,59,3.84,MN,1680493782
34,lennestadt,51.1167,8.0667,1.06,93,8,1.88,DE,1680493782
35,eirunepe,-6.6603,-69.8736,21.89,99,85,1.06,BR,1680493782
36,poronaysk,49.2167,143.1167,2.93,77,5,3.78,RU,1680493782
37,puerto ayora,-0.7393,-90.3518,26.42,94,76,0.89,EC,1680493782
38,corning,42.1428,-77.0547,0.98,68,0,0.0,US,1680493783
39,nisia floresta,-6.0911,-35.2086,25.21,85,65,1.61,BR,1680493783
40,longyearbyen,78.2186,15.6401,-8.09,86,100,7.2,SJ,1680493783
41,eldorado,-23.7869,-54.2836,21.16,89,0,1.87,BR,1680493783
42,mataura,-46.1927,168.8643,14.71,44,38,0.97,NZ,1680493783
43,avera,33.194,-82.5271,11.73,47,83,1.4,US,1680493783
44,santona,43.4439,-3.4576,8.93,84,4,2.27,ES,1680493783
45,namatanai,-3.6667,152.4333,29.36,69,45,2.44,PG,1680493783
46,koraput,18.8167,82.7167,28.48,29,6,2.08,IN,1680493784
47,kapaa,22.0752,-159.319,24.18,85,0,5.66,US,1680493784
48,warman,52.3168,-106.5679,-8.05,86,100,6.69,CA,1680493784
49,butaritari,3.0707,172.7902,28.15,74,100,4.95,KI,1680493784
50,jamestown,42.097,-79.2353,1.8,51,100,2.57,US,1680493574
51,mumford,5.2618,-0.759,26.08,84,56,2.97,GH,1680493784
52,cherskiy,68.75,161.3,-21.35,82,8,2.62,RU,1680493784
53,albany,42.6001,-73.9662,0.29,45,54,1.16,US,1680493784
54,talnakh,69.4865,88.3972,-12.46,92,100,4.63,RU,1680493785
55,pisco,-13.7,-76.2167,24.03,88,40,4.63,PE,1680493785
56,hermanus,-34.4187,19.2345,17.67,93,48,3.73,ZA,1680493785
57,ust-uda,54.1742,103.0304,-5.14,49,37,3.45,RU,1680493785
58,kachug,53.9606,105.8817,-6.51,50,81,4.12,RU,1680493785
59,codrington,-38.2667,141.9667,18.09,57,54,5.85,AU,1680493785
60,santa rosa,14.3122,121.1114,33.94,46,69,4.03,PH,1680493749
61,hithadhoo,-0.6,73.0833,27.95,68,31,2.76,MV,1680493785
62,nuuk,64.1835,-51.7216,-6.91,68,1,5.36,GL,1680493785
63,japura,-0.3167,102.35,28.1,72,100,2.18,ID,1680493785
64,busselton,-33.65,115.3333,23.94,51,18,2.42,AU,1680493785
65,hervey bay,-25.2986,152.8535,24.74,64,91,5.66,AU,1680493785
66,coihaique,-45.5752,-72.0662,8.97,81,100,2.57,CL,1680493785
67,fort nelson,58.8053,-122.7002,-2.23,59,75,1.03,CA,1680493785
68,caravelas,-17.7125,-39.2481,23.52,91,68,4.11,BR,1680493785
69,mae hong son,19.3003,97.9685,31.08,45,1,2.06,TH,1680493785
70,pilar,-9.5972,-35.9567,22.96,92,82,0.71,BR,1680493785
71,upernavik,72.7868,-56.1549,-29.75,98,20,1.5,GL,1680493785
72,guerrero negro,27.9769,-114.0611,14.06,77,32,7.7,MX,1680493785
73,mecca,21.4267,39.8261,21.51,51,60,1.15,SA,1680493786
74,saskylakh,71.9167,114.0833,-6.46,93,100,1.61,RU,1680493786
75,rocha,-34.4833,-54.3333,16.72,69,63,2.48,UY,1680493766
76,zyryanka,65.75,150.85,-11.84,75,6,6.09,RU,1680493786
77,chimore,-16.9833,-65.1333,24.7,77,99,0.65,BO,1680493786
78,usinsk,65.9939,57.5281,-11.96,82,5,3.28,RU,1680493786
79,hilo,19.7297,-155.09,23.47,96,100,0.89,US,1680493666
80,hambantota,6.1241,81.1185,30.19,79,40,1.03,LK,1680493786
81,ixtapa,20.7,-105.2,23.46,87,73,1.16,MX,1680493786
82,cape town,-33.9258,18.4232,19.65,85,75,3.09,ZA,1680493711
83,cidreira,-30.1811,-50.2056,20.28,71,11,5.35,BR,1680493786
84,college,64.8569,-147.8028,-0.79,65,75,4.12,US,1680493786
85,san quintin,30.4833,-115.95,13.28,88,0,6.88,MX,1680493786
86,inhambane,-23.865,35.3833,20.0,93,75,1.36,MZ,1680493787
87,akcakoca,41.0866,31.1162,12.23,85,100,2.37,TR,1680493787
88,pangnirtung,66.1451,-65.7125,-17.32,66,100,3.13,CA,1680493787
89,lompoc,34.6391,-120.4579,11.12,80,0,7.72,US,1680493755
90,avarua,-21.2078,-159.775,26.03,69,75,5.14,CK,1680493787
91,sorsk,54.0033,90.2467,-4.06,50,100,2.61,RU,1680493787
92,port blair,11.6667,92.75,29.02,70,40,3.09,IN,1680493787
93,vardo,70.3705,31.1107,-5.01,86,95,6.69,NO,1680493787
94,imbituba,-28.24,-48.6703,20.08,69,88,1.4,BR,1680493787
95,rio gallegos,-51.6226,-69.2181,9.03,66,0,5.14,AR,1680493712
96,pokrovsk,48.282,37.1758,7.0,91,100,5.75,UA,1680493787
97,kodiak,57.79,-152.4072,3.73,45,0,3.09,US,1680493514
98,valjevo,44.2751,19.8982,4.89,93,100,4.72,RS,1680493788
99,trelew,-43.249,-65.3051,13.47,75,1,5.11,AR,1680493510
100,faanui,-16.4833,-151.75,28.24,70,98,2.85,PF,1680493788
101,kavieng,-2.5744,150.7967,29.66,66,93,4.29,PG,1680493788
102,nikolskoye,59.7035,30.7861,-2.06,95,100,5.18,RU,1680493788
103,souillac,-20.5167,57.5167,24.21,94,75,3.6,MU,1680493788
104,kattivakkam,13.2167,80.3167,32.05,79,10,5.2,IN,1680493788
105,coahuayana,18.7333,-103.6833,21.66,87,78,1.11,MX,1680493788
106,novyye burasy,52.1324,46.0714,6.01,65,63,1.7,RU,1680493788
107,mayya,61.7333,130.2811,-6.38,76,51,2.37,RU,1680493789
108,yuli,9.6989,10.2744,24.25,13,54,2.27,NG,1680493789
109,mackenzie,55.2999,-123.1698,0.12,64,0,3.6,CA,1680493529
110,laguna,38.421,-121.4238,12.16,72,75,6.17,US,1680493789
111,angouleme,45.65,0.15,6.69,89,0,2.57,FR,1680493568
112,pathein,16.7833,94.7333,33.26,42,16,5.28,MM,1680493789
113,the valley,18.217,-63.0578,25.92,71,3,9.62,AI,1680493789
114,katsuura,35.1333,140.3,16.01,56,68,9.63,JP,1680493789
115,mount gambier,-37.8333,140.7667,20.14,41,76,1.74,AU,1680493789
116,bluff,-46.6,168.3333,14.89,54,83,2.68,NZ,1680493789
117,mahibadhoo,3.7833,72.9667,28.0,70,13,3.96,MV,1680493789
118,vaini,-21.2,-175.2,26.05,64,22,5.52,TO,1680493789
119,chuy,-33.6971,-53.4616,17.01,82,71,3.04,UY,1680493789
120,dioknisi,41.6293,42.3917,6.97,96,99,1.23,GE,1680493789
121,goba,7.0167,39.9833,11.23,88,98,0.5,ET,1680493790
122,kavaratti,10.5669,72.642,27.74,69,29,3.64,IN,1680493790
123,bay roberts,47.5999,-53.2648,1.19,87,51,4.02,CA,1680493790
124,klaksvik,62.2266,-6.589,6.51,83,100,7.96,FO,1680493790
125,zhezkazgan,47.8043,67.7144,3.99,28,0,9.0,KZ,1680493790
126,los llanos de aridane,28.6585,-17.9182,16.86,93,100,5.66,ES,1680493790
127,ibra,22.6906,58.5334,25.12,28,19,0.48,OM,1680493790
128,menongue,-14.6585,17.691,15.48,95,97,0.76,AO,1680493790
129,sterling,39.0062,-77.4286,7.53,67,0,0.0,US,1680493624
130,lata,40.1629,-8.3327,7.26,64,59,0.81,PT,1680493790
131,kinel,53.2333,50.65,4.58,66,19,3.55,RU,1680493790
132,vallenar,-28.5708,-70.7581,21.48,63,1,0.64,CL,1680493790
133,boa vista,2.8197,-60.6733,26.99,61,75,4.12,BR,1680493668
134,lasa,46.6166,10.7002,6.49,94,67,3.06,IT,1680493790
135,langsa,4.4683,97.9683,25.91,87,100,1.22,ID,1680493790
136,pingdu,36.7844,119.9464,19.75,25,100,8.69,CN,1680493790
137,fortuna,40.5982,-124.1573,7.03,84,94,2.24,US,1680493791
138,bilibino,68.0546,166.4372,-19.99,83,95,1.24,RU,1680493791
139,husavik,66.0449,-17.3389,-1.09,83,62,4.83,IS,1680493791
140,luganville,-15.5333,167.1667,29.98,69,76,3.81,VU,1680493791
141,paamiut,61.994,-49.6678,-2.2,56,67,4.22,GL,1680493791
142,zhigansk,66.7697,123.3711,-6.47,94,100,10.81,RU,1680493791
143,tasiilaq,65.6145,-37.6368,-1.91,92,92,3.33,GL,1680493791
144,vao,-22.6667,167.4833,26.01,79,17,4.09,NC,1680493791
145,nizhniy chir,48.3597,43.0865,7.51,73,13,0.57,RU,1680493791
146,yellowknife,62.456,-114.3525,-13.71,78,75,1.03,CA,1680493791
147,bambous virieux,-20.3428,57.7575,26.79,94,75,3.6,MU,1680493791
148,marzuq,14.4,46.4667,22.23,65,95,1.29,YE,1680493791
149,qaanaaq,77.484,-69.3632,-26.87,60,0,1.6,GL,1680493791
150,amapa,1.0,-52.0,20.22,99,33,0.75,BR,1680493792
151,russkaya polyana,49.417,31.9201,6.15,94,100,2.69,UA,1680493792
152,coquimbo,-29.9533,-71.3436,14.85,100,0,1.03,CL,1680493666
153,mogadishu,2.0371,45.3438,27.82,77,76,1.8,SO,1680493792
154,kununurra,-15.7667,128.7333,27.99,78,90,1.54,AU,1680493792
155,waitara,-38.925,174.25,17.9,64,8,4.46,NZ,1680493792
156,telbang,16.1722,120.0592,31.66,53,78,2.25,PH,1680493792
157,geraldton,-28.7667,114.6,26.23,57,85,8.23,AU,1680493793
158,flinders,-34.5833,150.8552,23.36,60,16,3.44,AU,1680493793
159,pochutla,15.7432,-96.4661,27.68,75,8,2.72,MX,1680493793
160,carutapera,-1.195,-46.02,23.86,91,99,2.53,BR,1680493793
161,rawson,-43.3002,-65.1023,13.79,74,1,5.67,AR,1680493793
162,new norfolk,-42.7826,147.0587,20.4,51,87,1.34,AU,1680493793
163,ponta do sol,32.6667,-17.1,20.0,79,17,0.67,PT,1680493793
164,bethel,41.3712,-73.414,3.3,46,0,1.54,US,1680493793
165,port hedland,-20.3167,118.5667,33.03,55,40,5.14,AU,1680493793
166,jizan,17.3333,42.6667,25.52,73,57,1.43,SA,1680493793
167,jais,26.25,81.5333,29.41,32,0,2.59,IN,1680493793
168,ferkessedougou,9.6,-5.2,26.98,56,21,2.37,CI,1680493794
169,airai,-8.9266,125.4092,24.15,50,100,0.83,TL,1680493794
170,mareeba,-17.0,145.4333,31.91,66,44,3.15,AU,1680493794
171,lavrentiya,65.5833,-171.0,-13.43,85,99,1.69,RU,1680493794
172,ust-nera,64.5667,143.2,-11.78,81,100,4.13,RU,1680493794
173,atasu,48.6814,71.6433,4.8,26,1,8.61,KZ,1680493794
174,lamu,-2.2717,40.902,26.12,79,90,3.63,KE,1680493794
175,port lincoln,-34.7333,135.8667,20.78,48,2,3.96,AU,1680493794
176,totma,59.9747,42.7642,1.6,100,100,1.29,RU,1680493549
177,puerto escondido,15.85,-97.0667,28.46,69,40,2.57,MX,1680493794
178,dikson,73.5069,80.5464,-29.39,95,56,4.75,RU,1680493794
179,lebu,-37.6167,-73.65,11.3,82,2,6.34,CL,1680493794
180,ketchikan,55.3422,-131.6461,6.26,61,40,0.0,US,1680493795
181,bredasdorp,-34.5322,20.0403,16.62,89,48,3.26,ZA,1680493795
182,athabasca,54.7169,-113.2854,-1.0,94,97,3.04,CA,1680493795
183,arkhangelsk,64.5401,40.5433,-6.94,100,75,3.0,RU,1680493795
184,aklavik,68.2191,-135.0107,-15.13,95,95,0.68,CA,1680493795
185,maniitsoq,65.4167,-52.9,-6.74,58,13,3.22,GL,1680493795
186,vostok,46.4856,135.8833,15.79,41,9,1.41,RU,1680493795
187,bulgan,48.8125,103.5347,-7.45,32,96,1.6,MN,1680493795
188,rennes,48.1667,-1.6667,4.02,93,75,2.57,FR,1680493672
189,cocorit,27.5833,-109.9667,19.11,26,51,2.0,MX,1680493795
190,khatanga,71.9667,102.5,-15.21,93,100,4.38,RU,1680493795
191,nieuw amsterdam,5.8833,-55.0833,25.57,85,92,3.32,SR,1680493795
192,necochea,-38.5473,-58.7368,16.54,68,100,2.19,AR,1680493795
193,yuanping,38.7153,112.7575,9.11,85,100,0.91,CN,1680493795
194,praya,14.9215,-23.5087,23.3,68,0,1.03,CV,1680493795
195,nantucket,41.2835,-70.0995,4.06,44,0,6.17,US,1680493727
196,penzance,50.1186,-5.5371,9.38,87,38,5.78,GB,1680493795
197,provideniya,64.3833,-173.3,-10.91,67,75,5.0,RU,1680493796
198,boddam,57.4667,-1.7833,2.21,76,80,8.47,GB,1680493796
199,upington,-28.4478,21.2561,17.21,45,0,2.57,ZA,1680493796
200,makakilo city,21.3469,-158.0858,25.18,78,100,2.57,US,1680493796
201,koutiala,12.3917,-5.4642,26.77,9,0,3.97,ML,1680493796
202,havelock,34.8791,-76.9013,15.99,79,0,2.06,US,1680493797
203,severo-kurilsk,50.6789,156.125,0.96,84,73,6.35,RU,1680493797
204,manado,1.487,124.8455,31.43,66,40,3.09,ID,1680493797
205,mabaruma,8.2,-59.7833,21.67,98,91,1.12,GY,1680493797
206,saint george,37.1041,-113.5841,19.41,25,0,4.02,US,1680493797
207,yulara,-25.2406,130.9889,30.29,28,1,0.59,AU,1680493797
208,honiara,-9.4333,159.95,30.08,71,34,3.13,SB,1680493797
209,lagoa,39.05,-27.9833,13.94,61,43,7.24,PT,1680493797
210,ancud,-41.8697,-73.8203,9.13,78,0,0.69,CL,1680493797
211,bengkulu,-3.8004,102.2655,28.11,68,100,3.1,ID,1680493798
212,guhagar,17.4842,73.1929,27.61,52,39,2.55,IN,1680493798
213,toccoa,34.5773,-83.3324,13.67,58,0,2.06,US,1680493798
214,viransehir,37.2353,39.7631,9.36,86,84,1.44,TR,1680493798
215,egvekinot,66.3167,-179.1667,-16.61,92,100,0.95,RU,1680493798
216,ginir,7.1333,40.7,15.63,83,100,1.26,ET,1680493798
217,darhan,49.4867,105.9228,-4.45,32,7,3.78,MN,1680493798
218,torbay,47.6666,-52.7314,1.43,90,75,9.26,CA,1680493799
219,san ramon de la nueva oran,-23.1322,-64.326,24.12,77,98,0.43,AR,1680493799
220,kodinar,20.7903,70.7031,26.43,58,2,3.24,IN,1680493740
221,dunedin,-45.8742,170.5036,14.01,59,27,2.2,NZ,1680493611
222,frankfort,-27.2667,28.4833,12.56,74,75,0.6,ZA,1680493799
223,valle de allende,26.9333,-105.4,21.08,14,100,5.81,MX,1680493799
224,wegrow,52.3995,22.0163,-2.44,78,42,6.72,PL,1680493636
225,haines junction,60.7522,-137.5108,-3.03,74,100,1.54,CA,1680493799
226,porto walter,-8.2686,-72.7439,21.74,99,73,1.18,BR,1680493799
227,staryy nadym,65.6118,72.6842,-7.58,83,6,7.02,RU,1680493799
228,naron,43.5167,-8.1528,8.66,71,71,2.8,ES,1680493799
229,port macquarie,-31.4333,152.9167,22.16,85,97,4.01,AU,1680493564
230,marsa matruh,31.3525,27.2453,17.93,39,1,6.44,EG,1680493800
231,ternate,0.8,127.4,28.57,74,71,3.03,ID,1680493800
232,utkivka,49.7858,36.0753,7.9,72,100,5.92,UA,1680493800
233,great yarmouth,52.6083,1.7305,3.01,71,4,5.32,GB,1680493800
234,amravati,20.9333,77.75,31.43,21,27,2.73,IN,1680493800
235,arraial do cabo,-22.9661,-42.0278,24.74,67,100,4.01,BR,1680493800
236,isangel,-19.55,169.2667,28.98,73,30,2.09,VU,1680493801
237,saint anthony,45.0205,-93.218,2.88,80,0,4.12,US,1680493801
238,clyde river,70.4692,-68.5914,-26.87,83,0,2.06,CA,1680493801
239,kemin,42.7846,75.6892,13.37,20,0,4.75,KG,1680493802
240,chokurdakh,70.6333,147.9167,-16.64,86,82,6.05,RU,1680493804
241,albolote,37.2309,-3.6551,10.62,44,0,1.03,ES,1680493804
242,jacareacanga,-6.2222,-57.7528,20.94,100,100,0.35,BR,1680493805
243,beloha,-25.1667,45.05,21.99,86,63,3.51,MG,1680493806
244,tiksi,71.6872,128.8694,-6.67,82,100,11.24,RU,1680493806
245,kyra,49.5776,111.9753,-6.09,43,5,5.54,RU,1680493806
246,gat,31.61,34.7642,15.22,52,0,1.57,IL,1680493620
247,tuktoyaktuk,69.4541,-133.0374,-16.0,78,75,6.17,CA,1680493806
248,kaitangata,-46.2817,169.8464,14.89,57,48,1.28,NZ,1680493807
249,sawakin,19.1059,37.3321,21.96,62,79,3.41,SD,1680493807
250,quepos,9.4236,-84.1652,26.54,76,56,1.12,CR,1680493808
251,kautokeino,69.0125,23.0412,-11.58,93,95,6.02,NO,1680493810
252,kahului,20.8947,-156.47,24.01,80,40,4.12,US,1680493682
253,toma,12.7667,-2.8833,25.82,12,3,3.47,BF,1680493811
254,plettenberg bay,-34.0527,23.3716,18.68,91,88,6.35,ZA,1680493706
255,cabo san lucas,22.8909,-109.9124,24.17,67,40,2.06,MX,1680493676
256,sao filipe,14.8961,-24.4956,23.56,68,7,3.59,CV,1680493811
257,vagamo,61.8751,9.0967,-4.78,89,100,1.3,NO,1680493811
258,lazaro cardenas,17.9583,-102.2,24.2,72,100,1.26,MX,1680493732
259,saldanha,-33.0117,17.9442,17.03,92,71,2.7,ZA,1680493812
260,tuatapere,-46.1333,167.6833,14.6,64,93,1.74,NZ,1680493812
261,bud,39.447,-86.1758,9.99,73,1,3.7,US,1680493812
262,thompson,55.7435,-97.8558,-17.91,60,20,3.09,CA,1680493529
263,port elizabeth,-33.918,25.5701,20.17,84,0,9.26,ZA,1680493812
264,anaconda,46.1285,-112.9423,-2.45,87,82,1.43,US,1680493722
265,omama,36.4333,139.2833,19.28,54,73,2.33,JP,1680493813
266,trapani,37.8333,12.6667,9.6,87,40,1.03,IT,1680493813
267,kulhudhuffushi,6.6221,73.07,28.36,63,53,2.56,MV,1680493814
268,asau,46.4333,26.4,5.71,93,100,0.67,RO,1680493815
269,santa cruz,-17.8,-63.1667,24.7,88,5,1.03,BO,1680493815
270,kiunga,-6.1219,141.2906,26.88,84,90,1.28,PG,1680493816
271,weston,26.1004,-80.3998,27.01,74,0,3.6,US,1680493816
272,cockburn town,21.4612,-71.1419,25.04,73,0,7.6,TC,1680493816
273,margate,51.3813,1.3862,7.05,80,69,1.34,GB,1680493802
274,fairbanks,64.8378,-147.7164,-0.78,66,75,4.12,US,1680493532
275,ostrovnoy,68.0531,39.5131,-10.56,94,96,3.56,RU,1680493816
276,broken hill,-31.95,141.4333,21.77,22,93,0.98,AU,1680493649
277,tagusao,9.1924,117.8141,28.78,69,100,2.33,PH,1680493817
278,tarauaca,-8.1614,-70.7656,22.15,99,100,1.15,BR,1680493817
279,kloulklubed,7.0419,134.2556,28.28,68,100,1.3,PW,1680493817
280,tessalit,20.1986,1.0114,23.88,8,86,3.65,ML,1680493817
281,korla,41.7597,86.1469,4.32,19,1,10.93,CN,1680493817
282,atar,20.5169,-13.0499,26.38,7,0,4.22,MR,1680493817
283,sayyan,15.1718,44.3244,13.63,77,52,2.01,YE,1680493818
284,chemax,20.65,-87.9333,22.77,88,2,2.33,MX,1680493818
285,esperance,-33.8667,121.9,21.22,61,96,0.23,AU,1680493818
286,ravar,31.2656,56.8055,15.02,13,0,2.0,IR,1680493819
287,niquero,20.0431,-77.5828,24.58,73,11,5.6,CU,1680493819
288,bereda,43.2686,-7.5406,4.21,100,43,0.69,ES,1680493820
289,san patricio,28.017,-97.5169,24.35,81,100,7.14,US,1680493820
290,sinnamary,5.3833,-52.95,24.49,85,30,3.93,GF,1680493820
291,san luis,-33.295,-66.3356,17.09,77,65,1.42,AR,1680493820
292,sao joao da barra,-21.6403,-41.0511,23.74,71,100,4.33,BR,1680493820
293,east london,-33.0153,27.9116,22.42,72,100,3.6,ZA,1680493821
294,asfi,32.2994,-9.2372,13.95,90,0,6.32,MA,1680493821
295,glendive,47.1053,-104.7125,-0.17,86,20,7.72,US,1680493821
296,vestmannaeyjar,63.4427,-20.2734,6.58,91,100,12.47,IS,1680493821
297,turuvekere,13.1642,76.6667,27.96,32,34,1.88,IN,1680493821
298,faqirwali,29.4663,73.034,26.92,40,1,4.79,PK,1680493822
299,harper,4.375,-7.7169,26.1,85,54,2.36,LR,1680493822
300,muli,2.9167,73.5667,27.99,70,45,2.13,MV,1680493822
301,luwuk,-0.9516,122.7875,31.57,60,95,0.38,ID,1680493822
302,penha,-26.7694,-48.6458,19.93,77,75,2.06,BR,1680493823
303,princeton,25.5384,-80.4089,26.01,86,0,2.06,US,1680493703
304,taveta,-3.3963,37.6736,21.5,87,100,1.0,KE,1680493823
305,mao,39.8885,4.2658,12.31,66,0,10.8,ES,1680493823
306,alexandria,31.2156,29.9553,12.3,53,1,4.18,EG,1680493823
307,berlevag,70.8578,29.0864,-3.03,68,97,9.9,NO,1680493823
308,jalpan,21.2333,-99.4833,23.43,83,99,1.51,MX,1680493824
309,anadyr,64.75,177.4833,-13.72,85,75,7.0,RU,1680493824
310,jumla,29.2747,82.1838,12.84,45,4,2.03,NP,1680493824
311,leningradskiy,69.3833,178.4167,-20.97,89,100,4.65,RU,1680493824
312,nemuro,43.3236,145.575,3.04,62,0,4.13,JP,1680493824
313,dogondoutchi,13.6393,4.0287,23.99,11,9,3.99,NE,1680493825
314,lorengau,-2.0226,147.2712,28.57,77,90,4.34,PG,1680493825
315,bang rakam,16.7585,100.1174,35.54,45,20,2.06,TH,1680493826
316,muros,42.7762,-9.0603,8.8,85,88,1.68,ES,1680493826
317,beringovskiy,63.05,179.3167,-4.39,94,100,2.27,RU,1680493826
318,hobyo,5.3505,48.5268,28.59,72,32,2.79,SO,1680493826
319,te anau,-45.4167,167.7167,15.47,50,65,1.12,NZ,1680493826
320,krasnoselkup,65.7,82.4667,-4.77,88,70,5.47,RU,1680493826
321,victoria,22.2855,114.1577,23.44,89,100,1.34,HK,1680493664
322,mocuba,-16.8392,36.9856,21.27,89,100,1.73,MZ,1680493827
323,soe,-9.8607,124.284,26.93,54,99,1.6,ID,1680493827
324,maiduguri,11.8464,13.1603,24.18,13,36,2.51,NG,1680493828
325,qixingtai,30.4135,111.8874,17.7,94,100,3.77,CN,1680493828
326,mobaye,4.319,21.1786,23.46,70,61,1.59,CF,1680493828
327,tres arroyos,-38.3739,-60.2798,16.18,63,100,2.57,AR,1680493828
328,roanoke rapids,36.4615,-77.6542,9.36,93,0,2.06,US,1680493828
329,maldonado,-34.6667,-54.9167,18.66,64,90,2.0,UY,1680493828
330,villa bruzual,9.3328,-69.1208,24.98,72,21,2.18,VE,1680493828
331,olinda,-8.0089,-34.8553,27.85,69,75,1.54,BR,1680493745
332,agadir,30.4202,-9.5982,17.25,85,1,1.88,MA,1680493829
333,baie-comeau,49.2168,-68.1489,-9.18,45,0,7.72,CA,1680493597
334,gamba,-2.65,10.0,24.06,93,100,4.28,GA,1680493829
335,serebryansk,49.6925,83.2892,-5.58,74,20,2.46,KZ,1680493832
336,naze,28.3667,129.4833,20.51,66,3,9.05,JP,1680493833
337,mahebourg,-20.4081,57.7,26.81,94,75,3.6,MU,1680493833
338,umuahia,5.5263,7.4896,24.67,89,74,1.83,NG,1680493833
339,alofi,-19.0595,-169.9187,26.94,78,36,7.2,NU,1680493833
340,phonhong,18.5007,102.4166,36.22,26,36,0.25,LA,1680493833
341,eyl,7.9803,49.8164,27.66,72,29,1.98,SO,1680493833
342,sidi ali,36.0998,0.4206,10.08,49,1,1.71,DZ,1680493833
343,byron bay,-28.65,153.6167,19.28,75,40,3.17,AU,1680493833
344,olafsvik,64.8945,-23.7142,3.73,84,100,6.69,IS,1680493833
345,norman wells,65.282,-126.8329,-6.98,53,40,2.57,CA,1680493833
346,rock sound,24.9,-76.2,24.91,73,6,1.16,BS,1680493834
347,seoul,37.5683,126.9778,22.76,16,0,4.12,KR,1680493834
348,ozinki,51.1786,49.6769,7.17,51,64,3.95,RU,1680493834
349,oistins,13.0667,-59.5333,26.05,73,20,8.75,BB,1680493834
350,sao felix do xingu,-6.6447,-51.995,21.27,99,100,0.9,BR,1680493834
351,vila franca do campo,37.7167,-25.4333,11.23,66,57,5.38,PT,1680493835
352,benghazi,32.1167,20.0667,17.26,79,15,7.39,LY,1680493835
353,plouzane,48.3833,-4.6167,8.03,76,100,3.09,FR,1680493835
354,ingham,42.6,-84.3833,4.92,76,0,5.14,US,1680493835
355,muzhi,65.3667,64.6667,-6.31,74,15,6.53,RU,1680493835
356,tigil,57.8,158.6667,-0.04,98,100,5.29,RU,1680493835
357,chabahar,25.2919,60.643,23.16,57,1,8.21,IR,1680493835
358,yumen,40.2833,97.2,6.12,28,100,8.95,CN,1680493835
359,auburn,47.3073,-122.2284,4.95,90,100,4.63,US,1680493818
360,sur,22.5667,59.5289,25.36,63,6,5.03,OM,1680493835
361,termoli,41.9888,14.9895,12.1,79,100,9.22,IT,1680493835
362,leshukonskoye,64.8989,45.7622,-11.33,96,82,2.22,RU,1680493835
363,trairi,-3.2778,-39.2689,23.15,92,99,1.51,BR,1680493790
364,lebedyn,50.5852,34.4849,7.38,83,100,5.72,UA,1680493836
365,moron,-34.6534,-58.6198,18.31,93,100,3.6,AR,1680493836
366,ambatolampy,-19.3833,47.4167,15.59,95,100,0.7,MG,1680493836
367,yaan,7.3833,8.5667,27.71,65,91,3.48,NG,1680493836
368,guiratinga,-16.3494,-53.7583,20.77,90,0,1.52,BR,1680493836
369,sakakah,29.9697,40.2064,10.76,22,0,1.95,SA,1680493836
370,alyangula,-13.8483,136.4192,31.95,54,75,4.52,AU,1680493836
371,mayo,38.8876,-76.5119,8.97,69,0,1.54,US,1680493836
372,dong hoi,17.4833,106.6,31.71,55,5,2.76,VN,1680493836
373,magdagachi,53.45,125.8,-0.5,69,100,6.22,RU,1680493836
374,termiz,37.2242,67.2783,13.05,82,100,5.14,UZ,1680493836
375,lodja,-3.4833,23.4333,20.66,98,100,0.78,CD,1680493836
376,arrecife,28.963,-13.5477,17.99,77,75,10.29,ES,1680493837
377,isoka,-10.1606,32.6335,16.75,97,91,0.95,ZM,1680493837
378,neftekamsk,56.092,54.2703,4.34,69,48,2.58,RU,1680493837
379,san ramon,37.7799,-121.978,10.31,78,100,5.14,US,1680493804
380,faya,18.3851,42.4509,14.06,77,16,0.93,SA,1680493837
381,north bend,43.4065,-124.2243,5.95,87,75,7.2,US,1680493837
382,tarakan,3.3,117.6333,29.72,74,20,2.57,ID,1680493837
383,halifax,44.6453,-63.5724,-0.28,41,3,4.02,CA,1680493666
384,azul,-36.777,-59.8585,17.1,49,100,3.02,AR,1680493837
385,chinhoyi,-17.3667,30.2,14.49,97,66,1.48,ZW,1680493837
386,shimoda,34.6667,138.95,16.2,61,30,8.41,JP,1680493837
387,samarai,-10.6167,150.6667,29.16,71,94,5.12,PG,1680493837
388,alibag,18.6411,72.8792,27.04,60,32,2.64,IN,1680493837
389,inirida,3.8653,-67.9239,22.69,96,66,1.28,CO,1680493837
390,aktau,43.65,51.2,6.32,76,16,4.99,KZ,1680493837
391,quzhou,28.9594,118.8686,21.44,61,93,3.02,CN,1680493837
392,rehnan,32.6846,51.6013,4.73,26,0,2.01,IR,1680493837
393,puerto leguizamo,-0.1934,-74.7819,21.44,99,73,0.86,CO,1680493837
394,albanel,48.8832,-72.4487,-8.92,72,78,1.03,CA,1680493837
395,matara,5.9485,80.5353,28.72,71,18,1.44,LK,1680493837
396,cabra,37.4725,-4.4421,9.34,36,10,2.37,ES,1680493837
397,rabo de peixe,37.8,-25.5833,10.73,66,20,3.09,PT,1680493838
398,fereydun kenar,36.6864,52.5225,11.15,66,31,2.74,IR,1680493838
399,kruisfontein,-34.0033,24.7314,17.71,87,99,7.74,ZA,1680493838
400,el cobre,20.0489,-75.9469,25.69,73,20,1.03,CU,1680493838
401,manta,-0.95,-80.7333,26.88,78,0,1.03,EC,1680493838
402,bilma,18.6853,12.9164,21.79,7,92,3.2,NE,1680493838
403,seminole,28.7086,-81.2081,24.1,87,0,2.06,US,1680493725
404,paita,-5.0892,-81.1144,26.25,83,100,4.78,PE,1680493838
405,beberibe,-4.1797,-38.1306,24.56,84,100,1.02,BR,1680493838
406,yeppoon,-23.1333,150.7333,26.88,79,96,6.0,AU,1680493838
407,narsaq,60.9167,-46.05,5.12,77,100,2.39,GL,1680493838
408,constitucion,-35.3333,-72.4167,13.8,71,41,5.8,CL,1680493838
409,berdigestyakh,62.0989,126.6992,-5.69,82,78,1.67,RU,1680493838
410,alice springs,-23.7,133.8833,28.45,30,100,2.57,AU,1680493838
411,ulladulla,-35.35,150.4667,23.2,58,57,4.82,AU,1680493838
412,chase,50.8165,-119.6857,4.49,90,86,0.81,CA,1680493838
413,massaguet,12.4755,15.4365,26.66,12,19,3.94,TD,1680493838
414,sisimiut,66.9395,-53.6735,-13.88,63,1,4.53,GL,1680493838
415,betamcherla,15.4667,78.1667,30.91,41,46,0.83,IN,1680493838
416,broome,42.2506,-75.833,-0.44,61,41,0.45,US,1680493839
417,vigrestad,58.5667,5.7,4.21,77,65,2.3,NO,1680493839
418,mount isa,-20.7333,139.5,32.87,22,23,5.14,AU,1680493779
419,dzaoudzi,-12.7887,45.2699,25.94,100,75,1.03,YT,1680493839
420,yakeshi,49.2833,120.7333,-1.35,41,63,10.97,CN,1680493839
421,homer,59.6425,-151.5483,1.94,62,0,2.57,US,1680493839
422,tiarei,-17.5333,-149.3333,30.01,73,99,2.85,PF,1680493839
423,vanimo,-2.6741,141.3028,28.37,77,99,1.7,PG,1680493839
424,nenjiang,49.1833,125.2167,9.98,24,100,7.77,CN,1680493839
425,cururupu,-1.8283,-44.8683,22.81,98,100,0.76,BR,1680493839
426,valdivia,-39.8142,-73.2459,10.05,92,0,0.99,CL,1680493839
427,la ronge,55.1001,-105.2842,-7.86,38,40,4.63,CA,1680493839
428,nioro,13.35,-15.75,23.46,61,1,3.45,GM,1680493839
429,jiazi,22.8779,116.067,20.84,79,100,6.45,CN,1680493839
430,acambaro,20.0333,-100.7333,18.94,38,23,1.85,MX,1680493839
431,male,4.1748,73.5089,29.97,70,20,3.09,MV,1680493839
432,ngunguru,-35.6167,174.5,19.83,48,13,6.06,NZ,1680493840
433,rajpipla,21.8667,73.5,29.11,39,2,3.1,IN,1680493840
434,dicabisagan,17.0818,122.4157,27.4,73,57,3.8,PH,1680493840
435,kismayo,-0.3582,42.5454,27.86,76,77,2.58,SO,1680493840
436,zhuhai,22.2769,113.5678,24.36,94,40,6.69,CN,1680493840
437,nezhinka,51.7676,55.3694,5.11,60,0,5.0,RU,1680493840
438,santiago del estero,-27.7951,-64.2615,22.35,78,75,0.67,AR,1680493840
439,tromso,69.6496,18.957,-0.99,47,0,7.2,NO,1680493840
440,mercedes,-34.6515,-59.4307,15.99,97,100,2.78,AR,1680493840
441,poum,-20.2333,164.0167,27.42,78,50,4.97,NC,1680493840
442,pacific grove,36.6177,-121.9166,10.97,80,100,4.92,US,1680493840
443,saint-joseph,-21.3667,55.6167,24.21,71,54,1.78,RE,1680493840
444,dingli,35.8614,14.3822,11.01,87,20,5.66,MT,1680493840
445,praia da vitoria,38.7333,-27.0667,13.14,76,40,6.31,PT,1680493844
446,newton,42.337,-71.2092,2.21,37,0,2.06,US,1680493844
447,noumea,-22.2763,166.4572,30.99,99,51,6.07,NC,1680493844
448,salalah,17.0151,54.0924,29.05,34,0,4.12,OM,1680493844
449,garchitorena,13.8804,123.6946,28.62,71,87,4.14,PH,1680493844
450,hofn,64.2539,-15.2082,5.96,90,100,3.87,IS,1680493844
451,itarema,-2.9248,-39.9167,23.47,90,100,1.89,BR,1680493844
452,saint-augustin,51.226,-58.6502,-1.56,88,37,6.58,CA,1680493844
453,rudbar,30.15,62.6,19.26,36,0,4.63,AF,1680493844
454,taoudenni,22.6783,-3.9836,25.56,8,0,2.13,ML,1680493844
455,balad,34.0164,44.1453,15.19,37,50,1.16,IQ,1680493844
456,meulaboh,4.1363,96.1285,27.23,72,100,0.83,ID,1680493844
457,abalak,58.1286,68.5944,2.85,76,100,2.46,RU,1680493844
458,ambilobe,-13.2,49.05,23.46,93,100,1.21,MG,1680493844
459,lethem,3.3803,-59.7968,24.92,68,71,4.68,GY,1680493845
460,semarang,-6.9932,110.4203,29.96,70,20,4.12,ID,1680493699
461,erenhot,43.6475,111.9767,2.87,32,100,7.31,CN,1680493845
462,brignais,45.6736,4.7548,7.94,94,100,5.14,FR,1680493845
463,komadi,47.0,21.5,6.08,82,100,6.74,HU,1680493845
464,chancay,-11.5714,-77.2672,24.36,79,81,1.48,PE,1680493845
465,stornoway,58.2093,-6.3865,8.98,84,100,3.6,GB,1680493845
466,ilulissat,69.2167,-51.1,-18.99,84,20,1.54,GL,1680493845
467,mudanjiang,44.5833,129.6,19.62,26,100,4.53,CN,1680493845
468,portland,45.5234,-122.6762,5.02,90,100,3.09,US,1680493657
469,antalaha,-14.9003,50.2788,24.17,90,99,1.8,MG,1680493845
470,aloleng,16.1307,119.7824,28.46,67,80,4.73,PH,1680493845
471,boueni,-12.9025,45.0761,25.99,75,92,2.38,YT,1680493845
472,witu,-2.3889,40.4382,26.09,81,93,2.57,KE,1680493845
473,pundaguitan,6.3711,126.1689,27.65,76,96,4.08,PH,1680493845
474,berezhany,49.45,24.9333,2.16,98,100,4.95,UA,1680493845
475,aksaray,38.3726,34.0254,9.69,74,79,2.57,TR,1680493845
476,palmer,42.1584,-72.3287,1.65,61,0,0.0,US,1680493845
477,waitati,-45.75,170.5667,14.66,56,37,1.93,NZ,1680493845
478,waingapu,-9.6567,120.2641,28.98,72,100,3.08,ID,1680493846
479,makat,47.6469,53.3463,9.74,77,18,2.86,KZ,1680493846
480,qasigiannguit,68.8193,-51.1922,-18.86,90,71,1.66,GL,1680493846
481,takaka,-40.85,172.8,17.53,84,54,2.82,NZ,1680493846
482,havoysund,70.9963,24.6622,-1.87,66,100,5.12,NO,1680493846
483,mehran,33.1222,46.1646,13.98,46,16,3.93,IR,1680493846
484,itumba,-9.4,33.1833,15.99,98,86,1.14,TZ,1680493846
485,quirinopolis,-18.4483,-50.4517,21.81,75,38,0.26,BR,1680493846
486,jiuquan,39.7432,98.5174,7.35,34,100,3.37,CN,1680493846
487,lodwar,3.1191,35.5973,27.96,58,75,1.46,KE,1680493846
488,tevaitoa,-16.7833,-151.5,28.36,68,100,2.29,PF,1680493846
489,surt,31.2089,16.5887,15.83,65,25,9.37,LY,1680493846
490,morehead,37.2711,-87.1764,13.86,47,0,3.6,US,1680493846
491,sindor,62.8629,51.8905,-2.82,94,100,3.7,RU,1680493846
492,kerkini,41.2167,23.0833,10.46,70,99,1.56,GR,1680493846
493,jatai,-17.8814,-51.7144,19.57,86,42,1.08,BR,1680493846
494,denpasar,-8.65,115.2167,28.81,88,20,4.63,ID,1680493698
495,dakar,14.6937,-17.4441,23.07,94,40,0.0,SN,1680493846
496,neepawa,50.2289,-99.4664,-3.78,92,100,10.31,CA,1680493847
497,pietarsaari,63.65,22.6833,-13.33,82,33,1.18,FI,1680493847
498,katobu,-4.9408,122.5276,25.12,93,100,0.45,ID,1680493847
499,puri,19.8,85.85,29.29,66,16,5.36,IN,1680493847
500,muisne,0.6,-80.0333,25.91,81,95,0.9,EC,1680493847
501,batagay-alyta,67.8006,130.4114,-9.94,71,100,3.06,RU,1680493847
502,bandarbeyla,9.4942,50.8122,27.48,72,43,2.28,SO,1680493847
503,sungaipenuh,-2.0833,101.3833,24.25,67,100,2.04,ID,1680493847
504,arlit,18.7369,7.3853,21.57,6,100,2.25,NE,1680493847
505,hami,42.8,93.45,5.85,18,23,4.04,CN,1680493847
506,wewak,-3.5534,143.6268,28.65,73,92,2.16,PG,1680493847
507,acapulco,16.8634,-99.8901,27.9,69,0,2.57,MX,1680493711
508,denham springs,30.4869,-90.9562,22.92,85,0,3.6,US,1680493806
509,new london,41.4834,-72.0662,4.28,49,0,3.6,US,1680493847
510,hasilpur,29.7122,72.5553,25.55,47,2,7.31,PK,1680493847
511,sitka,57.0531,-135.33,3.94,81,75,1.54,US,1680493847
512,lakes entrance,-37.8811,147.981,20.65,65,7,4.64,AU,1680493847
513,otrado-olginskoye,45.3104,40.9397,8.61,72,95,2.64,RU,1680493847
514,kushiro,42.975,144.3747,9.53,37,0,4.12,JP,1680493847
515,rozhyshche,50.9154,25.2691,1.18,93,100,6.56,UA,1680493688
516,quelimane,-17.8786,36.8883,23.89,74,100,1.94,MZ,1680493847
517,kalakamati,-20.5929,27.3121,18.18,67,79,2.54,BW,1680493848
518,kirakira,-10.4544,161.9205,29.27,75,41,4.21,SB,1680493848
519,yeniseysk,58.4497,92.1703,-4.07,92,100,3.83,RU,1680493848
520,maple creek,49.9168,-109.4848,-2.77,86,100,3.09,CA,1680493848
521,srednekolymsk,67.45,153.6833,-12.98,73,9,3.02,RU,1680493848
522,alcantara,-2.4089,-44.4147,26.11,92,100,0.63,BR,1680493848
523,planaltina,-15.4528,-47.6142,17.15,90,100,1.48,BR,1680493848
524,moindou,-21.6924,165.677,28.79,71,56,4.4,NC,1680493848
525,san juan pueblo,15.5833,-87.2333,24.42,93,55,1.52,HN,1680493848
526,havre-saint-pierre,50.2334,-63.5986,-6.0,67,0,11.32,CA,1680493848
527,khorramshahr,30.4397,48.1664,14.98,63,0,3.09,IR,1680493848
528,yei,4.095,30.6779,20.78,74,72,1.66,SS,1680493848
529,mehamn,71.0357,27.8492,-3.05,74,0,7.2,NO,1680493848
530,arman,59.7,150.1667,0.01,65,5,2.23,RU,1680493848
531,puerto del rosario,28.5004,-13.8627,17.86,77,40,3.6,ES,1680493849
532,betanzos,43.2804,-8.2147,8.38,84,0,2.06,ES,1680493849
533,hegang,47.4,130.3667,20.0,18,100,6.49,CN,1680493849
534,taksimo,56.3444,114.8794,-7.82,60,100,4.87,RU,1680493849
535,tsiroanomandidy,-18.7667,46.0333,19.69,93,100,0.57,MG,1680493849
536,kilindoni,-7.9139,39.6668,26.93,80,100,5.47,TZ,1680493849
537,ati,13.2154,18.3353,25.96,15,46,4.04,TD,1680493849
538,inuvik,68.3499,-133.7218,-6.58,53,75,2.57,CA,1680493849
539,chipinge,-20.1883,32.6236,14.45,96,44,1.44,ZW,1680493849
540,ewa beach,21.3156,-158.0072,25.97,78,100,2.57,US,1680493835
541,florence,43.7667,11.25,12.07,71,6,3.95,IT,1680493849
542,thunder bay,48.4001,-89.3168,-0.05,93,100,2.57,CA,1680493849
543,gwanda,-20.9333,29.0,15.24,95,5,2.07,ZW,1680493849
544,ambovombe,-25.1667,46.0833,22.62,87,19,4.14,MG,1680493849
545,big rapids,43.6981,-85.4837,6.5,72,0,3.09,US,1680493849
546,derzhavinsk,51.1,66.3167,6.01,40,0,6.73,KZ,1680493849
547,campbellton,48.0075,-66.6727,-6.75,79,90,6.89,CA,1680493849
548,morro bay,35.3658,-120.8499,11.78,85,25,3.13,US,1680493850
549,camalu,30.85,-116.0667,12.99,87,3,4.27,MX,1680493850
550,khumalag,43.2403,44.4752,4.43,93,14,2.0,RU,1680493850
551,barao de melgaco,-16.1944,-55.9675,22.96,86,4,1.53,BR,1680493850
552,ucluelet,48.9329,-125.5528,6.16,81,45,3.16,CA,1680493850
553,hovd,48.0056,91.6419,-9.34,27,66,1.75,MN,1680493850
554,can tho,10.0333,105.7833,29.99,66,75,1.03,VN,1680493850
555,vila do maio,15.1333,-23.2167,23.44,85,0,7.21,CV,1680493850
556,chicama,-7.8447,-79.1469,25.3,74,100,1.31,PE,1680493850
